{
  "0_0": {
    "col": 0,
    "row": 0,
    "x": 0,
    "y": 0,
    "file": "tile_0_0.jpg",
    "timestamp": 1771222168.4041884
  },
  "1_0": {
    "col": 1,
    "row": 0,
    "x": 1920,
    "y": 0,
    "file": "tile_1_0.jpg",
    "timestamp": 1771222168.4326615
  }
}